insert into users (id, accepted, email, "name" , "password" , status, suggested)
values ('0', '1', 'some_email1', 'user1', 'password', 'true', '1'),
       ('1', '2', 'some_email2', 'user2', 'password', 'true', '0'),
       ('2', '1', 'some_email3', 'user3', 'password', 'true', '3'),
       ('3', '5', 'some_email4', 'user4', 'password', 'false', '4'),
       ('4', '3', 'some_email5', 'user5', 'password', 'true', '6'),
       ('5', '0', 'some_email6', 'user6', 'password', 'true', '7'),
       ('6', '0', 'some_email7', 'user7', 'password', 'true', '18'),
       ('7', '1', 'some_email8', 'user8', 'password', 'true', '60'),
       ('8', '8', 'some_email9', 'user9', 'password', 'false', '5'),
       ('9', '2', 'some_email10', 'user10', 'password', 'true', '2');

insert into fonts (id, add_to_lib, cyrillic, display, font_name, handwriting_category, latin, license,
                   monospace, sans_serif_category, serif_category, source_link, user_id)
values ('0', 'true', 'true', 'true', 'some_font1', 'false', 'false', 'free',
        'false', 'true', 'false', 'some_link1', '0'),
       ('1', 'false', 'false', 'true', 'some_font2', 'true', 'true', 'free',
        'false', 'false', 'false', 'some_link2', '1'),
       ('2', 'true', 'true', 'true', 'some_font3', 'false', 'false', 'demo version',
        'false', 'true', 'false', 'some_link3', '2'),
       ('3', 'false', 'false', 'true', 'some_font4', 'true', 'true', 'paid',
        'false', 'true', 'false', 'some_link4', '3'),
       ('4', 'true', 'true', 'true', 'some_font5', 'false', 'false', 'unknown',
        'false', 'true', 'false', 'some_link5', '4'),
       ('5', 'false', 'false', 'true', 'some_font6', 'true', 'true', 'paid',
        'false', 'true', 'false', 'some_lin6', '5'),
       ('6', 'true', 'true', 'true', 'some_font7', 'false', 'false', 'some license',
        'false', 'false', 'true', 'some_link7', '6'),
       ('7', 'true', 'true', 'true', 'some_font8', 'false', 'false', 'other',
        'false', 'true', 'false', 'some_lin8', '7'),
       ('8', 'true', 'true', 'true', 'some_font9', 'false', 'false', 'some license',
        'false', 'true', 'false', 'some_link9', '8'),
       ('9', 'true', 'true', 'false', 'some_font10', 'false', 'false', 'some license',
        'false', 'true', 'false', 'some_link10', '9');

insert into letters (id, alphabet, "name")
VALUES ('0', 'cyrillic', 'А'),
       ('1', 'cyrillic', 'Б'),
       ('2', 'cyrillic', 'В'),
       ('3', 'cyrillic', 'Г'),
       ('4', 'cyrillic', 'Д'),
       ('5', 'cyrillic', 'Е'),
       ('6', 'cyrillic', 'Ё'),
       ('7', 'cyrillic', 'Ж'),
       ('8', 'cyrillic', 'З'),
       ('9', 'cyrillic', 'И'),
       ('10', 'cyrillic', 'Й'),
       ('11', 'cyrillic', 'К'),
       ('12', 'cyrillic', 'Л'),
       ('13', 'cyrillic', 'М'),
       ('14', 'cyrillic', 'Н'),
       ('15', 'cyrillic', 'О'),
       ('16', 'cyrillic', 'П'),
       ('17', 'cyrillic', 'Р'),
       ('18', 'cyrillic', 'С'),
       ('19', 'cyrillic', 'Т'),
       ('20', 'cyrillic', 'У'),
       ('21', 'cyrillic', 'Ф'),
       ('22', 'cyrillic', 'Х'),
       ('23', 'cyrillic', 'Ц'),
       ('24', 'cyrillic', 'Ч'),
       ('25', 'cyrillic', 'Ш'),
       ('26', 'cyrillic', 'Щ'),
       ('27', 'cyrillic', 'Ъ'),
       ('28', 'cyrillic', 'Ы'),
       ('29', 'cyrillic', 'Ь'),
       ('30', 'cyrillic', 'Э'),
       ('31', 'cyrillic', 'Ю'),
       ('32', 'cyrillic', 'Я'),
       ('33', 'cyrillic', 'а'),
       ('34', 'cyrillic', 'б'),
       ('35', 'cyrillic', 'в'),
       ('36', 'cyrillic', 'г'),
       ('37', 'cyrillic', 'д'),
       ('38', 'cyrillic', 'е'),
       ('39', 'cyrillic', 'ё'),
       ('40', 'cyrillic', 'ж'),
       ('41', 'cyrillic', 'з'),
       ('42', 'cyrillic', 'и'),
       ('43', 'cyrillic', 'й'),
       ('44', 'cyrillic', 'к'),
       ('45', 'cyrillic', 'л'),
       ('46', 'cyrillic', 'м'),
       ('47', 'cyrillic', 'н'),
       ('48', 'cyrillic', 'о'),
       ('49', 'cyrillic', 'п'),
       ('50', 'cyrillic', 'р'),
       ('51', 'cyrillic', 'с'),
       ('52', 'cyrillic', 'т'),
       ('53', 'cyrillic', 'у'),
       ('54', 'cyrillic', 'ф'),
       ('55', 'cyrillic', 'х'),
       ('56', 'cyrillic', 'ц'),
       ('57', 'cyrillic', 'ч'),
       ('58', 'cyrillic', 'ш'),
       ('59', 'cyrillic', 'щ'),
       ('60', 'cyrillic', 'ъ'),
       ('61', 'cyrillic', 'ы'),
       ('62', 'cyrillic', 'ь'),
       ('63', 'cyrillic', 'э'),
       ('64', 'cyrillic', 'ю'),
       ('65', 'cyrillic', 'я');

INSERT INTO rule_categories (id, category_name)
VALUES ('0', 'Category1'),
       ('1', 'Category2'),
       ('2', 'Category3'),
       ('3', 'Category4'),
       ('4', 'Category5');

INSERT INTO rules (id, "rank", rule_info, rule_name, visible, rule_category_id)
VALUES ('0', '10', 'Правило А Л', 'Правило А Л', 'true', '0'),
       ('1', '10', 'Правило е ё', 'Правило е ё', 'true', '3'),
       ('2', '10', 'Правило Ж Ш', 'Правило Ж Ш', 'true', '1'),
       ('3', '10', 'Правило Б В', 'Правило Б В', 'true', '4'),
       ('4', '10', 'Правило т п', 'Правило т п', 'true', '4'),
       ('5', '5', 'Правило ч ц', 'Правило ч ц', 'true', '3'),
       ('6', '5', 'Правило р в', 'Правило р в', 'true', '1'),
       ('7', '5', 'Правило н м', 'Правило н м', 'true', '2'),
       ('8', '5', 'Правило К П', 'Правило К П', 'true', '0'),
       ('9', '5', 'Правило г ф', 'Правило г ф', 'true', '2'),
       ('10', '10', 'Правило А Н', 'Правило А Н', 'true', '0'),
       ('11', '10', 'Правило е с', 'Правило е с', 'true', '3'),
       ('12', '10', 'Правило в к', 'Правило в к', 'true', '0'),
       ('13', '10', 'Правило ч у', 'Правило ч у', 'true', '3');

INSERT INTO letters_rules(rule_id, letter_id)
VALUES ('0', '0'),
       ('0', '12'),
       ('1', '38'),
       ('1', '39'),
       ('2', '7'),
       ('2', '25'),
       ('3', '1'),
       ('3', '2'),
       ('4', '52'),
       ('4', '49'),
       ('5', '56'),
       ('5', '57'),
       ('6', '35'),
       ('6', '50'),
       ('7', '46'),
       ('7', '47'),
       ('8', '11'),
       ('8', '16'),
       ('9', '36'),
       ('9', '54'),
       ('10', '0'),
       ('10', '14'),
       ('11', '38'),
       ('11', '51'),
       ('12', '35'),
       ('12', '44'),
       ('13', '53'),
       ('13', '57');